FECHA_year,VAR_AREA,id_ley
2005,246978.9475005884,17
2006,444556.2731121775,222
2007,726970.5094519205,246
2008,622664.750982005,327
2009,532878.2949997857,316
2010,455110.28691347764,268
2011,494865.0436246879,249
2012,412713.07829687436,265
2013,448462.7329931848,239
2014,589733.5484673595,186
2015,761311.8054516766,191
2016,1158499.1852129395,266
2017,1362704.3916049586,265
2018,1571481.1684419182,314
2019,1488013.296294544,345
2020,1239066.275331988,472
